posx,posy,time
-0.63399,-0.54142,1720000000
0.541843,0.626223,1720000000

