{"cameraMode":{"drawMode":0,"name":"Shaded","section":"Shading Mode"},"sceneLighting":true,"audioPlay":false,"sceneViewState":{"m_AlwaysRefresh":false,"showFog":true,"showSkybox":true,"showFlares":true,"showImageEffects":true,"showParticleSystems":true,"showVisualEffectGraphs":true,"m_FxEnabled":true},"in2DMode":false,"pivot":{"x":0.05331999063491821,"y":-0.243890643119812,"z":0.25121432542800906},"rotation":{"x":0.1160268783569336,"y":-0.29977428913116457,"z":0.036748334765434268,"w":0.9462348222732544},"size":0.6919616460800171,"orthographic":false}